employee_id,Name,Email,Phone,Address,City,State,Zip
1,Shon Bates,tumor2088@duck.com,+1-402-988-9350,802 Mill Hill,Rockford,Kentucky,30594
2,Arnetta Page,scanned1994@example.com,+14701472403,103 El Verano Grove,Dumont,Arizona,78355
3,Lynna Martin,disable1870@protonmail.com,+13109539674,1001 Avalon Bypass,Buffalo,Alabama,45304
4,Mignon Parks,corn2029@yahoo.com,+13029857766,890 Forest Hill Crescent,Hastings,Alaska,02201
5,Asley Espinoza,body2094@example.com,+1-308-796-6766,287 Skyline Arcade,Newberg,Oklahoma,98072
6,Sharika Shaw,import2007@duck.com,+13410745826,724 Mendosa Crossing,Attleboro,Maine,67701
7,Magen Cherry,ancient1850@duck.com,+1-626-513-9444,579 Huron Station,Kenosha,Texas,25475
8,Ali White,median2072@duck.com,+14018005686,466 Mercato Pike,Agawam,Louisiana,45298
9,Andre Shaffer,yugoslavia1919@protonmail.com,+1-903-038-9804,1387 Linda Center,Creve Coeur,North Dakota,02786
10,Bryanna Delaney,horizontal1885@outlook.com,+1-835-246-9574,613 Old Decatur Bayou,Elkhart,Mississippi,86550
11,Harland Acevedo,whatever2054@yahoo.com,+17037200623,1377 Cordelia Center,Rutherford,Michigan,28108
12,Belia Holland,bound2072@live.com,+19018318122,742 Junior Parkway,Antioch,Wisconsin,36196
13,Miquel West,financial1832@example.com,+15024550699,120 Rodriguez Place,Wilson,Georgia,27125
14,Jessie Simmons,challenge1908@outlook.com,+18024342558,820 Miguel Expressway,North Tonawanda,Arkansas,58479
15,Arthur Osborne,influences1877@yahoo.com,+18130993437,1309 Melrose Street,North Ogden,Wyoming,32270
16,Loma Roth,batch1957@example.com,+15626988958,122 Lancaster Square,Rock Island,South Dakota,76896
17,Ivory Stuart,buttons2050@gmail.com,+12162115771,1321 Clayton Park,Fairfax,North Dakota,79769
18,Jacinto Holden,dealing1874@gmail.com,+1-718-455-1356,299 Cedar Avenue,Superior,Montana,92016
19,Kent Glass,governmental1979@gmail.com,+1-323-481-2697,604 Bryant Junction,Pittsburg,Kansas,34269
20,Kevin Patel,bulletin1940@protonmail.com,+12128722811,1198 Josepha Bypass,Belvidere,Kentucky,77560
21,Shea Luna,tracy2045@example.com,+13517297990,210 Spofford Heights,Pleasantville,Arkansas,70712
22,Josef Wong,action1823@duck.com,+12076576982,892 Laussat Ranch,Hoboken,Tennessee,28123
23,Lachelle Flowers,translate2031@protonmail.com,+15401836244,739 Loraine Cove,Santa Monica,Montana,61676
24,Malena Mathews,dvd1868@live.com,+1-936-301-2667,922 South Hill Field,Lake Jackson,New Jersey,00208
25,Remedios Barron,treasury1843@protonmail.com,+1-251-349-1495,999 School Garden,Irvine,Utah,43125
26,Lester Kennedy,minnesota1843@live.com,+1-504-753-7233,1115 Eugenia Expressway,Yorba Linda,Minnesota,06089
27,Rozella Golden,just2067@protonmail.com,+19150333785,166 Havenside Pike,Evergreen Park,Michigan,50062
28,Madie Rowe,carnival2015@protonmail.com,+15091972303,970 Havelock Drive,Merced,Florida,92723
29,Casie Strickland,flight1946@outlook.com,+1-862-472-2941,1047 Harlan Place,Park Forest,Massachusetts,09715
30,Richard Vaughan,profiles1828@duck.com,+1-952-072-7717,536 Cordelia Grove,Forest Park,Wisconsin,52085
31,Jae Snider,vaccine1994@gmail.com,+14649174062,468 Inverness Alley,Kentwood,South Carolina,49543
32,Heath Woodward,citizenship1940@example.com,+13525747618,1026 Cedar Expressway,Rio Rancho,Wyoming,08305
33,Junior Wood,successfully1906@example.com,+1-956-040-5764,919 Via Bufano Path,El Monte,Montana,61265
34,Ellsworth Santiago,favorites1944@gmail.com,+19270596748,1147 Blanken Viaduct,American Fork,Arkansas,40434
35,Randy Dejesus,soa1809@duck.com,+17026280772,687 Adolph Sutro Rapids,Yorkville,Minnesota,35883
36,Buford Ramos,containers1835@yahoo.com,+1-224-742-9180,781 Encline Trace,Calabasas,Washington,69860
37,Cyril Hays,acre2067@outlook.com,+1-848-845-6653,1211 Metson Gardens,Laguna Woods,Oregon,32271
38,Solomon Mcfadden,occupational1931@outlook.com,+17629489162,411 Havens Loop,Shelton,Georgia,87550
39,Rosana Becker,recipients2084@example.com,+1-530-260-8374,536 El Polin Junction,San Gabriel,Florida,96335
40,Seth Mann,satin2089@example.com,+19017609577,605 Iowa Walk,Plainfield,Iowa,67252
41,Thurman Rodgers,parallel1870@protonmail.com,+12788657261,13 Santa Barbara Rapids,Deerfield,Mississippi,96212
42,Eldon Pate,phentermine2023@example.org,+17194365030,1347 Willow Rapids,Virginia Beach,Arizona,79413
43,Britt Wyatt,hook1898@yandex.com,+15151639689,883 Avenue C Extension,Cerritos,Delaware,78608
44,Carolyne Rodriguez,subject1988@outlook.com,+1-501-704-1814,1310 Young Turnpike,Baytown,Vermont,42753
45,Arturo Graves,moves1850@protonmail.com,+16140514707,1269 Lloyd Stravenue,Florissant,New Mexico,07486
46,Oren Thompson,parallel1924@outlook.com,+15754696606,203 Keyes Heights,Homestead,Oklahoma,13606
47,Evelina Hester,methodology1840@live.com,+1-773-368-4126,390 Sanchez Lodge,Downers Grove,Tennessee,49294
48,Jerald Chapman,textbook1904@example.com,+1-734-485-8738,1275 Genebern Avenue,Lenexa,California,67730
49,Britni Castaneda,gabriel2065@duck.com,+19284756727,376 Saint Marys Highway,Morristown,New Jersey,40363
50,Trey Barnes,oldest1863@example.com,+17791390617,580 Midcrest Annex,Washington,New Mexico,80484
51,Santiago Carpenter,transexual2020@live.com,+13101162461,1366 Barnard Bayou,Lancaster,Kentucky,32918
52,Virgil Allison,division1819@live.com,+1-276-542-1445,1036 Linden Point,Cape Girardeau,Oregon,32445
53,Hubert Cannon,applying1849@example.com,+19135404179,854 Jason Avenue,Coalinga,California,37477
54,Larraine Hood,dead2010@protonmail.com,+1-414-340-5535,110 Security Pacific Bend,University Place,Illinois,54220
55,Verlene Stout,somewhere1945@live.com,+1-512-400-0730,506 Naples Park,New Bedford,Missouri,85849
56,Jordon Neal,plug2067@live.com,+1-253-760-3548,341 Digby Annex,Leesburg,Tennessee,59811
57,Elois Haney,dictionaries2065@yahoo.com,+1-660-550-6936,372 Peninsula Manor,Plymouth,Wyoming,26124
58,Fritz Serrano,basket2070@duck.com,+1-802-867-8522,678 Sydney Pike,Hermosa Beach,Illinois,47704
59,Deon Rivers,happiness1931@protonmail.com,+1-213-413-3721,14 Maple Field,Edinburg,Oklahoma,10914
60,Delaine Barrett,consumption2100@duck.com,+14585426613,712 Hawthorne Lake,Converse,Maine,61712
61,Ha Fulton,gaming2077@yandex.com,+14695618337,1342 Weatherly Highway,Poway,Missouri,74882
62,Shena Whitaker,vista1909@yandex.com,+1-717-363-1506,144 Vulcan Loop,Seguin,Texas,60561
63,Galina Phillips,rays2016@example.org,+17376558868,309 Drumm Run,San Juan Capistrano,Iowa,95118
64,Aaron Ramos,constitutional1837@outlook.com,+16367046291,651 Menoher Motorway,Poughkeepsie,Virginia,82761
65,Kum Kinney,ease1959@example.com,+1-505-551-6274,590 Tunnel Highway,Hopkinsville,Oklahoma,45970
66,Carlie Cummings,familiar1936@example.com,+1-602-496-2293,779 Storrie Street,St. Louis,Wisconsin,61848
67,Moon Craft,mastercard1860@outlook.com,+16780097737,505 Lucerne Crescent,New Britain,Arizona,82558
68,Phylicia Gregory,revenue1982@duck.com,+16092338432,280 Bartol Loop,Lathrop,Georgia,29879
69,Gracia Trevino,gaming2100@protonmail.com,+13523620889,81 Hill Point Heights,Rexburg,Connecticut,71833
70,Makeda Mccarthy,wanna1976@yahoo.com,+1-727-173-2879,269 Onondaga Court,Holland,New Hampshire,80648
71,Elois Chan,ebook1823@live.com,+12098153226,835 Richardson Field,Kankakee,Tennessee,70098
72,Francesco Morgan,experts2058@duck.com,+17690634712,1058 Highland Glen,Parma,Kentucky,07113
73,Teodoro Hancock,vhs2096@duck.com,+1-509-339-2841,48 Matthew Rapids,Ellensburg,Utah,48698
74,Gale Cummings,powder1819@outlook.com,+15519469462,70 Madera Arcade,Newnan,Georgia,95595
75,Torie Johnson,nigeria2075@example.com,+1-231-653-5153,1313 Forest Boulevard,Elgin,New Jersey,21567
76,Virgil Randall,transit1995@gmail.com,+12093970801,793 Page Expressway,South Lake Tahoe,Minnesota,41780
77,Hershel Pratt,realtors1980@gmail.com,+1-940-314-6738,185 Marietta Terrace,Galveston,Arizona,59085
78,Kiana Shelton,officials2006@live.com,+1-706-686-2007,765 Ordway Arcade,North Plainfield,Arizona,42441
79,Andera Miles,picture2042@gmail.com,+1-786-599-1292,1244 Pine Place,Littleton,Delaware,50520
80,Filiberto Best,middle1912@protonmail.com,+17375906856,592 Richter Lodge,Grand Rapids,Ohio,16759
81,Jules Alston,rec1933@duck.com,+13516254133,328 Pretor Green,Aberdeen,Idaho,63359
82,Amado Schneider,coins2024@live.com,+16278226340,359 Fresnel Mall,South Salt Lake,Alaska,35037
83,Maximo Diaz,else2077@yahoo.com,+1-209-595-9347,1271 Lori Lake,Alliance,Idaho,71703
84,Darnell Nixon,load1984@gmail.com,+15309526519,658 Mount Vernon Green,Coon Rapids,New Hampshire,44059
85,Darius Hardy,genuine2069@yahoo.com,+1-531-123-6862,569 Milton Extension,North Charleston,Alabama,08741
86,Augustina Nielsen,tiffany1972@example.org,+15054976160,1125 Shrader Trace,Angleton,New Hampshire,28903
87,Marcelino Potts,expertise2054@live.com,+15313619209,1108 Chicago Lake,Yucaipa,Nevada,59698
88,Lesley Taylor,goes1821@yandex.com,+1-845-761-6171,74 Century Green,Lockport,Utah,53404
89,Gino Vega,preliminary1810@yandex.com,+15747533318,335 Manor Ferry,Cathedral City,South Carolina,50052
90,Chi Raymond,processes1890@live.com,+12544824021,1348 Long Ferry,Sterling Heights,Minnesota,53584
91,Dale Burton,sacrifice1803@yahoo.com,+16501061132,641 Turner Ferry,Cuyahoga Falls,Idaho,53206
92,Thad Myers,tracked2012@duck.com,+13513109513,1272 Ludlow Boulevard,Highland Village,Minnesota,04668
93,Coleman Rojas,notebook2060@duck.com,+17037948626,99 Morgan Walk,Baytown,Minnesota,78742
94,Lawana Welch,tion2085@duck.com,+13698171799,1172 Zanowitz Drive,Roseville,Rhode Island,92168
95,Keva Dejesus,grenada1824@outlook.com,+13416227308,932 Springfield Pass,Pullman,Wyoming,56513
96,Malcolm Buckner,legs1949@gmail.com,+16507885497,1169 Baltimore Garden,Fairfax,Ohio,78550
97,Loyd Leon,liabilities1988@yahoo.com,+1-216-451-3356,429 Cottonwood Green,Shively,Rhode Island,47806
98,Senaida Carter,operate2017@protonmail.com,+15102132489,36 Ringold Cove,Blythe,Iowa,98114
99,Jetta Francis,scope1844@example.com,+1-323-986-6441,1304 Otter Cove Alley,St. Peters,Kansas,83235
100,Barton Heath,form2046@example.com,+1-914-827-3136,30 Mirabel Landing,Savannah,Hawaii,18845
101,Marianela Huffman,malta2095@live.com,+1-703-477-1428,683 Cutler Junction,Monterey Park,North Dakota,97128
102,Sanford Hudson,crossword2033@yandex.com,+1-857-987-6201,1383 Bancroft Lodge,Plattsburgh,Nebraska,64343
103,Cruz Horton,coupon2049@protonmail.com,+16691806880,189 Pulaski Avenue,Albertville,South Carolina,46309
104,Jarrett Rivera,vocals2089@example.com,+1-719-676-8441,1083 Broadway Terrace,South El Monte,Michigan,63613
105,Chas Chambers,thumbs2046@protonmail.com,+1-775-415-8615,427 Case Arcade,Mustang,Minnesota,72233
106,Shawnta Terrell,fisheries1970@yahoo.com,+1-479-321-0123,315 Brown Trail,St. Louis,Florida,05852
107,Lee Jennings,passive1945@yahoo.com,+17079314443,274 Royal Ferry,Chaska,Idaho,52700
108,Britta Dawson,presenting1862@yahoo.com,+1-402-143-9967,1274 Roscoe Turnpike,Long Branch,New Hampshire,94487
109,Jarvis Wallace,family1841@live.com,+14753109637,1096 Oloran Mall,Poway,Arkansas,51469
110,Malisa Gates,van1864@yahoo.com,+1-646-305-0919,52 Perry Street,Lancaster,South Carolina,29935
111,Rheba Morton,static1860@protonmail.com,+1-878-124-5111,359 Stevenson Alley,Phoenix,Alaska,52175
112,Tyrell Noel,petersburg2036@yahoo.com,+12348974716,839 Hidalgo Freeway,Gainesville,North Carolina,67358
113,Tameika Malone,fine1885@example.com,+18434267632,77 Opalo Landing,Gallup,New Hampshire,84347
114,Derick Bowman,improvements2024@protonmail.com,+15011007445,1100 Houston Annex,Desert Hot Springs,North Carolina,81072
115,Tiffiny Gray,departure1935@duck.com,+12708784908,58 Sedgewick Bypass,Milpitas,North Carolina,71709
116,Sylvester Cline,walking1853@example.com,+14754610097,675 Amber Manor,Hallandale Beach,Iowa,54933
117,Shakia Carpenter,diffs1817@duck.com,+1-304-474-3652,585 Lisbon Alley,Gretna,Louisiana,73346
118,Lynwood Nielsen,timely1820@live.com,+15304140349,1060 Brunswick Junction,Shelbyville,Montana,96704
119,Holley Valentine,insulation2000@yahoo.com,+12286319007,124 Emmett Pike,Nixa,West Virginia,72974
120,Wesley Dunn,terry1911@example.org,+19353786008,1345 Enterprise Expressway,Racine,California,43644
121,Lynell Harvey,frequently1828@protonmail.com,+1-224-072-7732,1081 Prescott Pass,Paso Robles,Delaware,83958
122,Erich Brooks,tariff1951@outlook.com,+14051168765,1273 Cochrane Field,Cape Coral,New Hampshire,70078
123,Eugenie Case,agenda1955@protonmail.com,+18121314537,9 Gorham Motorway,Urbana,Virginia,02573
124,Enda Potter,kingdom1813@duck.com,+14300265155,73 Farallones Path,South Portland,Connecticut,93742
125,Ulysses Osborne,guyana1843@duck.com,+1-361-821-2228,345 Battery Chamberlin Stravenue,Poway,Delaware,93820
126,Rene Gardner,selecting1843@yandex.com,+1-985-545-1183,215 Taber Bayou,Titusville,Florida,88767
127,Reynaldo Snyder,medical1916@outlook.com,+1-380-822-0918,1074 Noe Bayou,Henderson,Delaware,12054
128,Efren Howe,mtv1959@live.com,+12020631477,1006 Fern Extension,Sacramento,Maryland,16587
129,Zane Weeks,symptoms1872@live.com,+12481808205,1371 Morris Expressway,Cortland,Montana,93927
130,Hobert Guthrie,marker1880@outlook.com,+12786986023,817 Banks Route,Tulare,Ohio,60326
131,Alonzo Swanson,loss1814@live.com,+1-832-237-7794,525 Abbey Freeway,Fort Myers,Mississippi,28690
132,Ty Davenport,iraqi2082@live.com,+17161717275,135 Old Decatur Pine,Dover,Iowa,61798
133,Piedad Figueroa,singh1845@gmail.com,+1-517-442-0427,1399 Beverly Viaduct,Hays,Mississippi,24241
134,Gricelda Price,mhz1957@gmail.com,+16233418353,1368 Maiden Spur,Logansport,Massachusetts,40452
135,Vinnie Fischer,francisco1926@example.com,+1-369-667-7231,280 Earl Pike,Rapid City,Minnesota,61463
136,Lemuel Hart,whether2055@outlook.com,+18060320809,665 Andover Stravenue,Bridgeport,Georgia,43362
137,Casey Chapman,unfortunately1978@example.com,+19543776486,108 Tehama Manor,South St. Paul,Virginia,01294
138,Felicidad Walls,sisters1939@live.com,+12197187047,1367 Thorne Field,Winston-Salem,Utah,10502
139,Calvin Harper,serial1979@gmail.com,+16675206108,577 El Plazuela Court,Fitchburg,Florida,54046
140,Winford Gentry,marina2059@gmail.com,+1-712-797-8244,458 John Avenue,Allen Park,Washington,21816
141,Desire Rush,wearing2007@gmail.com,+1-925-139-5579,1188 Bonview Trace,Benbrook,Florida,31213
142,Ethyl Knight,tracked1861@duck.com,+12833829063,672 Louisburg Stravenue,Avenal,Texas,04734
143,Franklin Bentley,sequence2026@live.com,+17173835638,19 Edie Station,Erlanger,Hawaii,05482
144,Dexter Gardner,spatial1890@gmail.com,+1-909-070-7399,28 John Canyon,Willoughby,Wyoming,96835
145,Forest Pruitt,blade1997@example.org,+14054616939,1216 Hawthorne Pine,Norwood,Connecticut,74078
146,Jaye Humphrey,titled1867@live.com,+15733034469,438 D Bend,Alabaster,West Virginia,92816
147,Lavonna Olsen,encoding2018@live.com,+1-443-423-1559,1226 La Bica Annex,Little Rock,Missouri,67316
148,Berry Nielsen,alias1919@yandex.com,+1-479-695-3005,1356 Sola Trail,Highland,Wyoming,00180
149,Simona Burnett,til1902@yandex.com,+1-407-301-5837,373 Whitecliff Highway,Lincoln Park,California,10914
150,Jenell Dickerson,background1979@yandex.com,+16628482412,163 Serrano Grove,Rockledge,Indiana,74791
151,Carl Ayers,products1846@example.org,+1-661-565-9841,323 Church Access Bayou,Schertz,Mississippi,83631
152,Kory Moody,salvador1886@yandex.com,+17653732843,369 Armstrong Point,Fairborn,New York,26896
153,Librada Faulkner,reserves2040@yandex.com,+1-561-822-7796,942 Lusk Shore,Ashwaubenon,Arizona,23519
154,Dana Burks,antibody2046@protonmail.com,+1-620-102-1701,1382 Vara Manor,Round Lake Beach,Wyoming,04446
155,Walter Joseph,collected2013@protonmail.com,+1-270-456-3471,846 Smith Drive,Manteca,Virginia,88035
156,Collene Frederick,temporarily1832@duck.com,+13397344112,132 Hillside Trace,Bergenfield,North Carolina,65644
157,Pierre Morris,palestine1808@yandex.com,+17654569038,1386 Service Bridge,Torrington,Wisconsin,72390
158,Junko Stephens,camera2060@yandex.com,+1-305-062-4747,1346 Pontiac Green,Bethlehem,Tennessee,94389
159,Rich Lowery,duck2096@yandex.com,+1-417-799-8799,310 Gibbon Lodge,Rome,Wisconsin,45309
160,Marhta Bowers,whereas2033@yandex.com,+19491412162,161 Rayburn Lake,Mishawaka,Maryland,21636
161,Joslyn Cannon,you1924@protonmail.com,+19515010550,1289 Junipero Serra Stravenue,Rocky River,Rhode Island,06160
162,Edmundo Berry,running1932@example.org,+1-475-795-2796,289 Geary Street,Myrtle Beach,Louisiana,48322
163,Solange Rice,jurisdiction1921@yahoo.com,+17401495661,1122 Faxon Crossing,Pittsburg,Wyoming,51943
164,Doreatha Blair,modifications2095@duck.com,+1-740-810-9533,1400 De Long Bend,La Quinta,Kansas,65416
165,Miyoko Pittman,regular1866@outlook.com,+17646720310,1155 Gerard Station,Yucaipa,New Jersey,10008
166,Launa Gillespie,least1905@duck.com,+13193078299,1343 Waterloo Pass,Sylvania,Kentucky,35591
167,Arnita Shields,clocks1932@gmail.com,+1-989-552-8728,1067 Rizal Walk,Des Plaines,Michigan,58357
168,Tammera Melton,laura1819@duck.com,+1-516-883-2962,863 Peter Yorke Row,Kenmore,Mississippi,47746
169,Huong Hahn,basics1987@example.org,+1-935-437-7876,183 George Bridge,Walnut,New Hampshire,73133
170,Tesha Bird,describes1863@live.com,+1-407-081-5098,442 Sparrow Circle,Alice,Minnesota,86682
171,Myles Gibson,oaks2036@example.org,+1-227-062-9695,1305 Joice Pike,South St. Paul,Connecticut,45836
172,Earlean Sanders,temp1964@outlook.com,+1-747-193-8162,1160 Steiner Ranch,Ocala,Kentucky,99567
173,Nickolas Pierce,respond1985@yandex.com,+1-878-247-1567,522 Zanowitz Place,South Holland,New York,15357
174,Earleen Carroll,computers1929@protonmail.com,+1-336-527-2599,490 South Hill Bayou,Bryan,Washington,77886
175,Keneth Gill,southeast1970@live.com,+19278450278,993 Century Gardens,Keizer,North Carolina,02718
176,Cristobal Park,barnes1813@yahoo.com,+1-205-666-5375,412 Kimball Court,Alliance,Idaho,24540
177,Shayne Gonzalez,commissions2084@live.com,+14808688877,306 Greely Ranch,Wooster,California,64783
178,Lee Brady,personnel1988@example.com,+13609176104,1134 Linden Landing,Kinston,Indiana,67252
179,Erin Cummings,possible1808@gmail.com,+1-682-048-6398,328 Candyland Bayou,Pinecrest,Utah,58649
180,Tony Woodward,empirical1941@live.com,+16028425818,18 Powhattan Ranch,Anchorage,Minnesota,62775
181,Eliseo Nixon,costume1968@yahoo.com,+1-414-135-3473,1054 Varennes Walk,Jupiter,Minnesota,36079
182,Filiberto Schultz,london1997@yahoo.com,+1-817-895-9074,10 Cowell Road,South Plainfield,Michigan,49744
183,Willia Hays,workplace2088@example.com,+1-850-955-6182,836 Gennessee Center,Deltona,Oregon,34239
184,Domonique Mcleod,yearly1818@yandex.com,+1-402-232-0059,207 Ccsf Parking Lot Court,Royal Palm Beach,Virginia,93807
185,Shaun Calderon,gallery2082@yandex.com,+15642203088,151 Medical Center Ferry,Ballwin,Connecticut,80835
186,Dennis Hines,totally1908@live.com,+1-951-312-9526,1218 Velasco Lodge,Marysville,Idaho,79695
187,Kanisha Pace,profits1802@yahoo.com,+1-234-329-2844,1094 Connecticut Shore,Edinburg,Pennsylvania,51587
188,Freddie Moody,elements2013@example.org,+1-216-900-9906,1132 Craut Gardens,Hopkinsville,West Virginia,67835
189,Tameika Townsend,dive1907@duck.com,+1-927-839-1203,150 Quebec Heights,Commerce City,New Hampshire,89799
190,Courtney Hamilton,stephanie2047@yandex.com,+15344558106,1233 Lundeen Ferry,Oro Valley,New Mexico,12868
191,Vertie Harper,issued1900@protonmail.com,+1-309-429-6624,280 Amatury Plaza,Irvine,Illinois,20674
192,Ela Sargent,horror2073@example.com,+1-341-524-0821,963 Annapolis Place,Sugar Land,Ohio,82694
193,Lang Lamb,beverages1822@gmail.com,+1-330-683-2684,235 Folsom Junction,Hopewell,Maine,31617
194,Jeremy Elliott,observations1972@example.com,+1-505-643-8379,914 Exeter Estate,Ashland,Oklahoma,19657
195,Maegan Berry,iso1915@protonmail.com,+1-559-281-4367,50 Santa Marina Boulevard,Royal Palm Beach,Nevada,30869
196,Berry Odom,poor1817@yahoo.com,+16161043617,263 Havens Extension,Tulare,Michigan,59459
197,Malcom Banks,namespace1800@gmail.com,+12524585288,937 Reno Heights,Chino Hills,Pennsylvania,10162
198,Roberto Barrett,series1832@example.com,+16789517887,348 Cassandra Heights,Placentia,Georgia,25484
199,Angla Downs,video2095@live.com,+1-636-565-0009,41 Forest Canyon,Corona,Nebraska,65043
200,Genaro Baker,annie1820@live.com,+16594399155,383 Gateview Lake,Temple,Nebraska,57303
201,Rosenda Gamble,walked2033@yandex.com,+1-517-441-0460,567 Judson Ferry,Lewisville,Alaska,54737
202,Dorotha Solomon,newly2037@example.org,+16572697889,1186 Central Magazine Center,Beverly,Texas,54575
203,Santo Duke,obtaining1899@protonmail.com,+19256793718,1321 Gaiser Motorway,Payson,Delaware,97450
204,Donny Madden,fitness2059@gmail.com,+18625950485,14 Hillside Highway,Saratoga,California,04308
205,Reatha Crawford,select1835@example.com,+1-209-428-5988,63 Highland Manor,University Park,Wyoming,16395
206,Jacqualine Washington,singapore2078@yandex.com,+17865093756,1017 Crossover Freeway,University Place,Montana,41820
207,Gilberto Webb,corporations1957@outlook.com,+17067950776,782 Von Schmidt Lane,Winston-Salem,South Carolina,02973
208,Daina Johns,competent1877@example.com,+14302390107,802 Minerva Bridge,Carlsbad,Kentucky,73069
209,Elbert Warren,rich2011@example.com,+1-309-502-1628,533 High Crescent,Glendora,Idaho,53443
210,Luciano Parks,sheer1993@duck.com,+1-703-324-0359,338 Castle Bypass,Apple Valley,Missouri,06203
211,Junita Barr,blade2072@example.com,+17547372182,831 Ora Grove,Rocky River,South Dakota,49951
212,Elvina Mcintosh,rejected1820@example.org,+18450330012,22 May Avenue,Urbana,New Mexico,39589
213,Reyes Becker,untitled1830@example.com,+18059144987,411 Saturn Landing,Novato,Delaware,87802
214,Chang Howard,them2046@protonmail.com,+1-432-654-0751,453 Grenard Terrace,Raleigh,Wisconsin,84746
215,Lakiesha Shannon,animals2006@gmail.com,+14236228055,1192 Villa Mall,Chillicothe,Delaware,28967
216,Marceline Soto,describes2087@yandex.com,+1-952-667-0822,800 Dehon Pike,Mount Pleasant,Virginia,05401
217,Mariette Parks,lost1905@gmail.com,+15307601496,743 Ward Ranch,Franklin,Montana,94510
218,Austin Ballard,horror1915@live.com,+1-417-939-0268,1291 Coronado Bypass,Shoreview,Pennsylvania,31172
219,Dorine Mccullough,paso2038@example.com,+1-360-213-6335,642 Seventh Bridge,Corpus Christi,Idaho,61845
220,Mica Bolton,containers1980@example.org,+1-772-800-2557,193 Tiffany Annex,Crestview,Delaware,26542
221,Todd Beach,graph2016@duck.com,+1-808-317-9532,638 Campbell Extension,Lacey,South Carolina,27592
222,Antonietta Perkins,knit2035@yandex.com,+1-504-765-9604,1398 Madison Cove,Calabasas,Rhode Island,78958
223,Lien Mcpherson,dating1946@yahoo.com,+1-308-625-6143,1209 Hicks Terrace,La Mirada,Maine,05761
224,Kristofer Bradshaw,date1996@gmail.com,+1-915-255-8280,1109 Waltham Freeway,Denton,Florida,26870
225,Quinn Franco,advantages1909@yandex.com,+18453370283,111 Cosmo Turnpike,Avondale,Kentucky,50758
226,Estell Wooten,drunk1843@live.com,+18359298895,801 Whiting Mall,Avon Lake,Michigan,58665
227,Magaret Harrington,deny1856@protonmail.com,+12168517474,615 Mahan Square,St. Cloud,Indiana,30580
228,Ray Haney,famous1836@duck.com,+1-708-858-5995,874 Beeman Bend,Hazel Park,North Carolina,52504
229,Leroy Walters,stamp1847@example.org,+1-305-012-5148,423 Venard Field,Peachtree City,Arizona,69683
230,Monnie Nieves,welfare1825@yahoo.com,+15637422538,325 Newhall Crossing,Plymouth,New York,98411
231,Desirae Calhoun,liechtenstein1862@example.com,+1-570-288-7288,174 Sixth Turnpike,Niles,Texas,26752
232,Danilo Donaldson,biographies1802@outlook.com,+12078606250,1342 Randolph Alley,New Philadelphia,Kentucky,21302
233,Fermina Hebert,mechanism2032@yandex.com,+1-764-320-4542,1377 Henry Route,Lompoc,Arkansas,27437
234,Kurt Smith,celebrate1823@example.org,+1-716-925-8998,1149 Gough Lane,Chanhassen,Massachusetts,39093
235,Arlinda Mcguire,describes1806@outlook.com,+17690535489,654 John Muir Rapids,Avon,Georgia,10654
236,Hugo Merrill,effectiveness2048@example.org,+1-218-028-5324,1364 Westbrook Green,Ada,New Hampshire,54959
237,George Bender,designated1939@yahoo.com,+19718079579,979 Linden Mall,Walla Walla,Ohio,04123
238,Wayne Glenn,price2054@yahoo.com,+1-606-432-2685,293 Mateo Path,Zion,Wisconsin,49003
239,Jackelyn Murray,michelle1943@outlook.com,+1-731-889-3783,1128 Opalo Annex,New Bedford,Idaho,18358
240,Mickey Lewis,penetration1887@yahoo.com,+13803298011,1309 Zeno Rapids,Boulder,Illinois,52330
241,Sanda Burton,fotos1988@yahoo.com,+1-747-936-6945,1181 Bertha Street,Chowchilla,Wisconsin,94652
242,Violette Pugh,trunk1894@example.com,+18037348606,1170 Lillian Terrace,Dyersburg,Washington,51327
243,Lino Black,museum1860@live.com,+1-571-218-4120,84 Miller Extension,Tulare,Iowa,59463
244,Giuseppe Mcknight,rolling1848@example.com,+1-574-670-6300,44 Macalla Ranch,Clemmons,Georgia,78987
245,Jalisa Kelley,drinks2068@outlook.com,+17621182059,1166 San Fernando Canyon,El Cajon,Ohio,92841
246,Andera Dillon,failing1913@example.org,+1-573-954-7953,696 Infantry Pine,Rochester Hills,Missouri,65689
247,Ben Guthrie,consistency1925@outlook.com,+1-812-490-7893,1398 Rex Bend,Sanger,Kentucky,32245
248,Ciera Orr,opposed2035@yahoo.com,+18486619702,1151 Marlin Landing,Gaithersburg,Tennessee,38067
249,Tyler Poole,mattress1884@duck.com,+1-919-458-1692,517 Jansen Bend,Savage,Kentucky,98041
250,Myles Shelton,aug1890@example.com,+19156236554,1062 Adair Park,Elk Grove,Illinois,58084
